Id	ComponentSlots
M76_1	{{CanBeEmpty = false, SlotType = 'Stock', DefaultComponent = 'm76_stock_def_1', Modifiable = true, AvailableComponents = {'m76_stock_erg_1', 'm76_stock_def_1', 'm76_stock_hvy_1', }}, {CanBeEmpty = false, SlotType = 'Magazine', DefaultComponent = 'm76_mag_def_1', Modifiable = true, AvailableComponents = {'m76_mag_def_1', }}, {CanBeEmpty = false, SlotType = 'Muzzle', DefaultComponent = 'ToG_VFX_Muzzle', Modifiable = true, AvailableComponents = {'ImprovisedSuppressor', 'RAT_TOG_suppressor', 'RAT_TOG_compensator', 'ToG_VFX_Muzzle', }}, {CanBeEmpty = false, SlotType = 'Scope', DefaultComponent = 'ImprovedIronsight', Modifiable = true, AvailableComponents = {'RAT_TOG_Reflex_rpk_mount', 'RAT_TOG_ACOG_rpk_mount', 'RAT_TOG_compactRS_rpk_mount', 'RAT_TOG_Prism_rpk_mount', 'RAT_TOG_vigilanceRS_rpk_mount', 'RAT_TOG_thermal_rpk_mount', 'RAT_TOG_WideScope_rpk_mount', 'RAT_TOG_LRoptics_rpk_mount', 'm76_scope_1', 'RAT_TOG_LRoptics_advanced_rpk_mount', 'ImprovedIronsight', }}, {CanBeEmpty = false, SlotType = 'Barrel', DefaultComponent = 'm76_barrel_def_1', Modifiable = true, AvailableComponents = {'m76_barrel_def_1', 'm76_barrel_ext_1', }}}
Gewehr43_1	{{CanBeEmpty = true, SlotType = 'Scope', Modifiable = true, AvailableComponents = {'GW43_Scope_1', }}, {CanBeEmpty = false, SlotType = 'Barrel', DefaultComponent = 'G43_Barrel_def_1', Modifiable = false, AvailableComponents = {'G43_Barrel_def_1', }}, {CanBeEmpty = false, SlotType = 'Muzzle', DefaultComponent = 'ToG_VFX_Muzzle', Modifiable = true, AvailableComponents = {'ImprovisedSuppressor', 'ToG_VFX_Muzzle', 'RAT_TOG_compensator', 'RAT_TOG_suppressor', }}, {CanBeEmpty = false, SlotType = 'Magazine', DefaultComponent = 'G43_Mag_def_1', Modifiable = true, AvailableComponents = {'G43_Mag_def_1', 'G43_Mag_ext_1', }}}
STG44R_1	{{CanBeEmpty = false, SlotType = 'Muzzle', DefaultComponent = 'ToG_VFX_Muzzle', Modifiable = true, AvailableComponents = {'Compensator', 'ToG_VFX_Muzzle', }}, {CanBeEmpty = false, SlotType = 'Magazine', DefaultComponent = 'STG44_Mag_def_1', Modifiable = true, AvailableComponents = {'STG44_Mag_def_1', }}, {CanBeEmpty = false, SlotType = 'Barrel', DefaultComponent = 'STG44_Barrel_def_1', Modifiable = false, AvailableComponents = {'STG44_Barrel_def_1', }}, {CanBeEmpty = false, SlotType = 'Stock', DefaultComponent = 'STG44_Stock_def_1', Modifiable = true, AvailableComponents = {'STG44_Stock_hvy_1', 'STG44_Stock_def_1', 'STG44_Stock_erg_1', }}, {CanBeEmpty = true, SlotType = 'Scope', Modifiable = true, AvailableComponents = {'GW43_Scope_1', }}}
AN94_1	{{CanBeEmpty = false, SlotType = 'Stock', DefaultComponent = 'AN94_Stock_def_1', Modifiable = true, AvailableComponents = {'AN94_Stock_def_1', }}, {CanBeEmpty = false, SlotType = 'Magazine', DefaultComponent = 'AN94_Mag_def_1', Modifiable = true, AvailableComponents = {'AN94_Mag_def_1', 'AN94_Mag_ext_1', }}, {CanBeEmpty = false, SlotType = 'Scope', DefaultComponent = 'ImprovedIronsight', Modifiable = true, AvailableComponents = {'LROptics_DragunovDefault', 'ImprovedIronsight', 'RAT_TOG_Reflex', 'RAT_TOG_compactRS', 'RAT_TOG_vigilanceRS', 'RAT_TOG_ACOG', 'RAT_TOG_Prism', 'RAT_TOG_LRoptics', 'RAT_TOG_WideScope', 'RAT_TOG_thermal', }}, {CanBeEmpty = false, SlotType = 'Muzzle', DefaultComponent = 'RAT_TOG_compensator', Modifiable = true, AvailableComponents = {'RAT_TOG_compensator', }}, {CanBeEmpty = true, SlotType = 'Bipod', Modifiable = true, AvailableComponents = {'AN94_Bip_def_1', }}, {CanBeEmpty = false, SlotType = 'Barrel', DefaultComponent = 'AN94_Barrel_def_1', Modifiable = false, AvailableComponents = {'AN94_Barrel_def_1', }}}
VSS_1	{{CanBeEmpty = false, SlotType = 'Magazine', DefaultComponent = 'VSS_Mag_def_1', Modifiable = true, AvailableComponents = {'VSS_Mag_def_1', 'VSS_Mag_ext_1', }}, {CanBeEmpty = false, SlotType = 'Scope', DefaultComponent = 'VSS_Ironsight_1', Modifiable = true, AvailableComponents = {'VSS_Ironsight_1', 'VSS_Scope_1', 'RAT_TOG_Reflex', 'RAT_TOG_ACOG', 'RAT_TOG_LRoptics', 'RAT_TOG_LRoptics_advanced', 'RAT_TOG_compactRS', 'RAT_TOG_Prism', 'RAT_TOG_vigilanceRS', 'RAT_TOG_thermal', }}, {CanBeEmpty = true, SlotType = 'Bipod', Modifiable = true, AvailableComponents = {'ToG_Bipod_1', }}, {CanBeEmpty = false, SlotType = 'Muzzle', Modifiable = false, AvailableComponents = {}}, {CanBeEmpty = false, SlotType = 'General', DefaultComponent = 'R_VSS_suppressor', Modifiable = true, AvailableComponents = {'R_VSS_suppressor', }}, {CanBeEmpty = false, SlotType = 'Stock', DefaultComponent = 'VSS_Stock_def_1', Modifiable = false, AvailableComponents = {'VSS_Stock_def_1', }}, {CanBeEmpty = false, SlotType = 'Barrel', DefaultComponent = 'VSS_Barrel_def_1', Modifiable = false, AvailableComponents = {'VSS_Barrel_def_1', }}}
G11_1	{{SlotType = 'Barrel', DefaultComponent = 'G11_Barrel_def_1', AvailableComponents = {'G11_Barrel_def_1'}, Modifiable = false}, {SlotType = 'Scope', DefaultComponent = 'G11_Scope_1', AvailableComponents = {'G11_Scope_1', 'G11_Rail_1'}, Modifiable = true}, {SlotType = 'Muzzle', DefaultComponent = 'CAWS_Muzzle_def_1', AvailableComponents = {'CAWS_Muzzle_def_1', 'RAT_TOG_compensator'}, Modifiable = true}, {SlotType = 'Magazine', DefaultComponent = 'G11_Mag_def_1', AvailableComponents = {'G11_Mag_def_1', 'G11_Mag_ext_1', 'G11_Mag_ext2_1'}, Modifiable = true}, {SlotType = 'Under', CanBeEmpty = true, AvailableComponents = {'G11_Grenadelauncher_1', 'G11_Grip_CAWS_1'}, Modifiable = true}, {SlotType = 'Bipod', CanBeEmpty = true, AvailableComponents = {'G11_Bipod_1'}, Modifiable = true},{CanBeEmpty = false, SlotType = 'General', DefaultComponent = 'bullup', Modifiable = false, AvailableComponents = {'bullup', }}}
A91_2	{{Modifiable = false, AvailableComponents = {'bullup'}, SlotType = 'General', DefaultComponent = 'bullup'}, {SlotType = 'Barrel', AvailableComponents = {'A91_762_barrel_def_1'}, DefaultComponent = 'A91_762_barrel_def_1', Modifiable = false}, {SlotType = 'Scope', Modifiable = true, AvailableComponents = {'ReflexSightAdvanced', 'ReflexSight', 'ScopeCOGQuick', 'ScopeCOG', 'ThermalScope', 'RAT_TOG_vigilanceRS', 'RAT_TOG_WideScope', 'DefaultIronsight_AR15'}, DefaultComponent = 'DefaultIronsight_AR15'}, {Modifiable = false, SlotType = 'Muzzle', AvailableComponents = {'ToG_VFX_Muzzle'}, DefaultComponent = 'ToG_VFX_Muzzle'}, {Modifiable = true, AvailableComponents = {'RAT_TOG_CompensatorNoEntity'}, SlotType = 'Gassblock', DefaultComponent = 'RAT_TOG_CompensatorNoEntity'}, {SlotType = 'Magazine', AvailableComponents = {'A91_762_mag_def_1', 'A91_762_mag_ext_1'}, DefaultComponent = 'A91_762_mag_def_1', Modifiable = true}, {Modifiable = true, AvailableComponents = {'A91_GrenadeLauncher'}, SlotType = 'Under' ,CanBeEmpty = true}}
VigM2_1	{{CanBeEmpty = false, SlotType = 'Barrel', DefaultComponent = 'VigM2_Barrel_def_1', Modifiable = false, AvailableComponents = {'VigM2_Barrel_def_1', }}, {CanBeEmpty = false, SlotType = 'Magazine', DefaultComponent = 'VigM2_mag_def_1', Modifiable = true, AvailableComponents = {'VigM2_mag_def_1', }}, {CanBeEmpty = false, SlotType = 'Stock', DefaultComponent = 'VigM2_Stock_unfld_1', Modifiable = true, AvailableComponents = {'VigM2_Stock_unfld_1', }}}
PP91_1	{{CanBeEmpty = false, SlotType = 'Barrel', DefaultComponent = 'PP91_Barrel_def_1', Modifiable = false, AvailableComponents = {'PP91_Barrel_def_1', }}, {CanBeEmpty = false, SlotType = 'Magazine', DefaultComponent = 'PP91_Mag_def_1', Modifiable = true, AvailableComponents = {'PP91_Mag_def_1', 'PP91_Mag_ext_1', }}, {CanBeEmpty = false, SlotType = 'Muzzle', Modifiable = true, AvailableComponents = {'Compensator', 'MuzzleBooster', 'Suppressor', 'ImprovisedSuppressor', }}, {CanBeEmpty = false, SlotType = 'Stock', DefaultComponent = 'PP91_Stock_fld_1', Modifiable = true, AvailableComponents = {'PP91_Stock_fld_1', 'PP91_Stock_unfld_1', }}, {CanBeEmpty = true, SlotType = 'Scope', Modifiable = true, AvailableComponents = {'RAT_TOG_ACOG', 'RAT_TOG_WideScope', 'RAT_TOG_Reflex', 'RAT_TOG_compactRS', 'RAT_TOG_vigilanceRS', }}}
B93RR_1	{{CanBeEmpty = false, SlotType = 'Muzzle', DefaultComponent = 'ToG_VFX_Muzzle', Modifiable = true, AvailableComponents = {'ToG_VFX_Muzzle', 'ImprovisedSuppressor', 'Suppressor', }}, {CanBeEmpty = false, SlotType = 'Magazine', DefaultComponent = 'B93RR_mag_def_1', Modifiable = true, AvailableComponents = {'B93RR_mag_def_1', 'B93RR_mag_ext_1', }}, {CanBeEmpty = false, SlotType = 'Barrel', DefaultComponent = 'B93RR_barrel_def_1', Modifiable = false, AvailableComponents = {'B93RR_barrel_def_1', }}, {CanBeEmpty = false, SlotType = 'Under', DefaultComponent = 'B93RR_grip_fld_1', Modifiable = true, AvailableComponents = {'B93RR_grip_fld_1', 'B93RR_grip_unfld_1'}}}
VikingMP446_1	{{CanBeEmpty = false, SlotType = 'Muzzle', DefaultComponent = 'ToG_VFX_Muzzle', Modifiable = true, AvailableComponents = {'ImprovisedSuppressor', 'Suppressor', 'ToG_VFX_Muzzle', }}, {CanBeEmpty = false, SlotType = 'Magazine', DefaultComponent = 'Viking_mag_def_1', Modifiable = true, AvailableComponents = {'Viking_mag_def_1', 'Viking_mag_ext_1', 'Viking_mag_extQ_1', }}, {CanBeEmpty = false, SlotType = 'Barrel', DefaultComponent = 'Viking_Barrel_def_1', Modifiable = false, AvailableComponents = {'Viking_Barrel_def_1', }}}
